<?xml version="1.0" encoding="UTF-8" standalone="yes"?>
<library-item xmlns="http://spotfire.tibco.com/ws/2008/12/library">
    <title>library</title>
    <item-type>
        <label>folder</label>
        <label-prefix>spotfire</label-prefix>
        <is-container>true</is-container>
    </item-type>
    <format-version>63.5.12126.5109</format-version>
    <created>2024-01-20T04:28:04.149-08:00</created>
    <modified>2024-01-20T04:28:04.149-08:00</modified>
    <children>
        <library-item>
            <id>9415efcf-0228-4783-ba9d-e7337f24a463</id>
            <title>InformationPackage</title>
            <item-type>
                <label>folder</label>
                <label-prefix>spotfire</label-prefix>
                <is-container>true</is-container>
            </item-type>
            <created-by>Administrator@SPOTFIRE</created-by>
            <created>2023-05-18T13:29:31.000Z</created>
            <modified-by>Administrator@SPOTFIRE</modified-by>
            <modified>2024-01-20T12:16:53.000Z</modified>
            <accessed>2024-01-12T09:42:34.000Z</accessed>
            <properties/>
            <keywords/>
            <children>
                <library-item>
                    <id>a3b890fa-5083-4a26-92b5-2b07a7a2ad10</id>
                    <title>Columns</title>
                    <item-type>
                        <label>folder</label>
                        <label-prefix>spotfire</label-prefix>
                        <is-container>true</is-container>
                    </item-type>
                    <created-by>Administrator@SPOTFIRE</created-by>
                    <created>2023-07-12T09:33:37.000Z</created>
                    <modified-by>Administrator@SPOTFIRE</modified-by>
                    <modified>2024-01-17T12:33:05.000Z</modified>
                    <accessed>2024-01-12T09:42:34.000Z</accessed>
                    <properties/>
                    <keywords/>
                    <children>
                        <library-item>
                            <id>41e0101d-f631-4015-9e7a-0b5fb12f60b4</id>
                            <title>tblExcludedNodes</title>
                            <item-type>
<label>folder</label>
<label-prefix>spotfire</label-prefix>
<is-container>true</is-container>
                            </item-type>
                            <created-by>Administrator@SPOTFIRE</created-by>
                            <created>2023-09-11T15:53:52.000Z</created>
                            <modified-by>Administrator@SPOTFIRE</modified-by>
                            <modified>2024-01-17T12:33:06.000Z</modified>
                            <accessed>2024-01-12T09:42:34.000Z</accessed>
                            <properties/>
                            <keywords/>
                            <children>
<library-item>
    <id>e6f4a578-702f-44e9-9a59-6543e1d89a4a</id>
    <title>NodeName</title>
    <item-type>
        <label>column</label>
        <label-prefix>spotfire</label-prefix>
        <is-container>false</is-container>
        <mime-type>application/xml</mime-type>
    </item-type>
    <created-by>Administrator@SPOTFIRE</created-by>
    <created>2023-09-18T10:20:36.000Z</created>
    <modified-by>Administrator@SPOTFIRE</modified-by>
    <modified>2024-01-17T12:33:06.000Z</modified>
    <accessed>2024-01-20T12:17:51.000Z</accessed>
    <properties>
        <property>
            <name>schema</name>
            <value>public</value>
        </property>
        <property>
            <name>datatype</name>
            <value>string</value>
        </property>
        <property>
            <name>catalog</name>
            <value>netAnServer_pmdb</value>
        </property>
        <property>
            <name>column</name>
            <value>NodeName</value>
        </property>
        <property>
            <name>table</name>
            <value>tblExcludedNodes</value>
        </property>
    </properties>
    <keywords/>
    <dependencies>
        <dependency>
            <requiredid>4b451652-b01e-4e90-ace2-9d4932db4468</requiredid>
            <description>Data source required by this column</description>
            <cascading-delete>false</cascading-delete>
        </dependency>
    </dependencies>
    <hidden>false</hidden>
</library-item>
<library-item>
    <id>b10baf79-da80-49a3-9dbd-fb6e70199c01</id>
    <title>NodeID</title>
    <item-type>
        <label>column</label>
        <label-prefix>spotfire</label-prefix>
        <is-container>false</is-container>
        <mime-type>application/xml</mime-type>
    </item-type>
    <created-by>Administrator@SPOTFIRE</created-by>
    <created>2023-09-18T10:20:36.000Z</created>
    <modified-by>Administrator@SPOTFIRE</modified-by>
    <modified>2024-01-17T12:33:06.000Z</modified>
    <accessed>2024-01-20T12:25:56.000Z</accessed>
    <properties>
        <property>
            <name>schema</name>
            <value>public</value>
        </property>
        <property>
            <name>datatype</name>
            <value>integer</value>
        </property>
        <property>
            <name>catalog</name>
            <value>netAnServer_pmdb</value>
        </property>
        <property>
            <name>column</name>
            <value>NodeID</value>
        </property>
        <property>
            <name>table</name>
            <value>tblExcludedNodes</value>
        </property>
    </properties>
    <keywords/>
    <dependencies>
        <dependency>
            <requiredid>4b451652-b01e-4e90-ace2-9d4932db4468</requiredid>
            <description>Data source required by this column</description>
            <cascading-delete>false</cascading-delete>
        </dependency>
    </dependencies>
    <hidden>false</hidden>
</library-item>
                            </children>
                            <hidden>false</hidden>
                        </library-item>
                        <library-item>
                            <id>70cbe146-f5fd-4320-a4f5-3a391b08ae45</id>
                            <title>tblCMRules</title>
                            <item-type>
<label>folder</label>
<label-prefix>spotfire</label-prefix>
<is-container>true</is-container>
                            </item-type>
                            <created-by>Administrator@SPOTFIRE</created-by>
                            <created>2023-09-18T07:49:52.000Z</created>
                            <modified-by>Administrator@SPOTFIRE</modified-by>
                            <modified>2024-01-17T12:33:06.000Z</modified>
                            <accessed>2024-01-12T09:42:34.000Z</accessed>
                            <properties/>
                            <keywords/>
                            <children>
<library-item>
    <id>5a8a1596-8027-4047-ad94-bef942381cc0</id>
    <title>RuleID</title>
    <item-type>
        <label>column</label>
        <label-prefix>spotfire</label-prefix>
        <is-container>false</is-container>
        <mime-type>application/xml</mime-type>
    </item-type>
    <created-by>Administrator@SPOTFIRE</created-by>
    <created>2023-09-18T10:19:26.000Z</created>
    <modified-by>Administrator@SPOTFIRE</modified-by>
    <modified>2024-01-17T12:33:06.000Z</modified>
    <accessed>2024-01-20T12:27:19.000Z</accessed>
    <properties>
        <property>
            <name>schema</name>
            <value>public</value>
        </property>
        <property>
            <name>datatype</name>
            <value>integer</value>
        </property>
        <property>
            <name>catalog</name>
            <value>netAnServer_pmdb</value>
        </property>
        <property>
            <name>column</name>
            <value>RuleID</value>
        </property>
        <property>
            <name>table</name>
            <value>tblCMRules</value>
        </property>
    </properties>
    <keywords/>
    <dependencies>
        <dependency>
            <requiredid>4b451652-b01e-4e90-ace2-9d4932db4468</requiredid>
            <description>Data source required by this column</description>
            <cascading-delete>false</cascading-delete>
        </dependency>
    </dependencies>
    <hidden>false</hidden>
</library-item>
<library-item>
    <id>00900f40-472f-420d-aa74-48cfde8371ad</id>
    <title>WhereClause</title>
    <item-type>
        <label>column</label>
        <label-prefix>spotfire</label-prefix>
        <is-container>false</is-container>
        <mime-type>application/xml</mime-type>
    </item-type>
    <created-by>Administrator@SPOTFIRE</created-by>
    <created>2023-09-18T10:19:26.000Z</created>
    <modified-by>Administrator@SPOTFIRE</modified-by>
    <modified>2024-01-17T12:33:06.000Z</modified>
    <accessed>2024-01-20T12:27:19.000Z</accessed>
    <properties>
        <property>
            <name>schema</name>
            <value>public</value>
        </property>
        <property>
            <name>datatype</name>
            <value>string</value>
        </property>
        <property>
            <name>catalog</name>
            <value>netAnServer_pmdb</value>
        </property>
        <property>
            <name>column</name>
            <value>WhereClause</value>
        </property>
        <property>
            <name>table</name>
            <value>tblCMRules</value>
        </property>
    </properties>
    <keywords/>
    <dependencies>
        <dependency>
            <requiredid>4b451652-b01e-4e90-ace2-9d4932db4468</requiredid>
            <description>Data source required by this column</description>
            <cascading-delete>false</cascading-delete>
        </dependency>
    </dependencies>
    <hidden>false</hidden>
</library-item>
<library-item>
    <id>644d88cc-cafd-4cf2-bbfb-09a3870829a6</id>
    <title>VectorIndex</title>
    <item-type>
        <label>column</label>
        <label-prefix>spotfire</label-prefix>
        <is-container>false</is-container>
        <mime-type>application/xml</mime-type>
    </item-type>
    <created-by>Administrator@SPOTFIRE</created-by>
    <created>2023-09-18T10:19:26.000Z</created>
    <modified-by>Administrator@SPOTFIRE</modified-by>
    <modified>2024-01-17T12:33:06.000Z</modified>
    <accessed>2024-01-20T12:27:19.000Z</accessed>
    <properties>
        <property>
            <name>schema</name>
            <value>public</value>
        </property>
        <property>
            <name>datatype</name>
            <value>integer</value>
        </property>
        <property>
            <name>catalog</name>
            <value>netAnServer_pmdb</value>
        </property>
        <property>
            <name>column</name>
            <value>VectorIndex</value>
        </property>
        <property>
            <name>table</name>
            <value>tblCMRules</value>
        </property>
    </properties>
    <keywords/>
    <dependencies>
        <dependency>
            <requiredid>4b451652-b01e-4e90-ace2-9d4932db4468</requiredid>
            <description>Data source required by this column</description>
            <cascading-delete>false</cascading-delete>
        </dependency>
    </dependencies>
    <hidden>false</hidden>
</library-item>
<library-item>
    <id>d01fdd61-c740-4aff-8897-7c2eb278447a</id>
    <title>ValidationStatus</title>
    <item-type>
        <label>column</label>
        <label-prefix>spotfire</label-prefix>
        <is-container>false</is-container>
        <mime-type>application/xml</mime-type>
    </item-type>
    <created-by>Administrator@SPOTFIRE</created-by>
    <created>2023-09-18T10:19:26.000Z</created>
    <modified-by>Administrator@SPOTFIRE</modified-by>
    <modified>2024-01-17T12:33:06.000Z</modified>
    <accessed>2024-01-20T12:27:19.000Z</accessed>
    <properties>
        <property>
            <name>schema</name>
            <value>public</value>
        </property>
        <property>
            <name>datatype</name>
            <value>string</value>
        </property>
        <property>
            <name>catalog</name>
            <value>netAnServer_pmdb</value>
        </property>
        <property>
            <name>column</name>
            <value>ValidationStatus</value>
        </property>
        <property>
            <name>table</name>
            <value>tblCMRules</value>
        </property>
    </properties>
    <keywords/>
    <dependencies>
        <dependency>
            <requiredid>4b451652-b01e-4e90-ace2-9d4932db4468</requiredid>
            <description>Data source required by this column</description>
            <cascading-delete>false</cascading-delete>
        </dependency>
    </dependencies>
    <hidden>false</hidden>
</library-item>
<library-item>
    <id>caa79581-eafb-4c27-9e0a-c04824c7c513</id>
    <title>ID</title>
    <item-type>
        <label>column</label>
        <label-prefix>spotfire</label-prefix>
        <is-container>false</is-container>
        <mime-type>application/xml</mime-type>
    </item-type>
    <created-by>Administrator@SPOTFIRE</created-by>
    <created>2023-09-18T10:19:26.000Z</created>
    <modified-by>Administrator@SPOTFIRE</modified-by>
    <modified>2024-01-17T12:33:06.000Z</modified>
    <accessed>2024-01-20T12:27:19.000Z</accessed>
    <properties>
        <property>
            <name>schema</name>
            <value>public</value>
        </property>
        <property>
            <name>datatype</name>
            <value>string</value>
        </property>
        <property>
            <name>catalog</name>
            <value>netAnServer_pmdb</value>
        </property>
        <property>
            <name>column</name>
            <value>ID</value>
        </property>
        <property>
            <name>table</name>
            <value>tblCMRules</value>
        </property>
    </properties>
    <keywords/>
    <dependencies>
        <dependency>
            <requiredid>4b451652-b01e-4e90-ace2-9d4932db4468</requiredid>
            <description>Data source required by this column</description>
            <cascading-delete>false</cascading-delete>
        </dependency>
    </dependencies>
    <hidden>false</hidden>
</library-item>
<library-item>
    <id>a3f5bf2f-c486-4062-a5ad-b51418f92d69</id>
    <title>InvalidCauseDescription</title>
    <item-type>
        <label>column</label>
        <label-prefix>spotfire</label-prefix>
        <is-container>false</is-container>
        <mime-type>application/xml</mime-type>
    </item-type>
    <created-by>Administrator@SPOTFIRE</created-by>
    <created>2023-09-18T10:19:26.000Z</created>
    <modified-by>Administrator@SPOTFIRE</modified-by>
    <modified>2024-01-17T12:33:06.000Z</modified>
    <accessed>2024-01-20T12:27:19.000Z</accessed>
    <properties>
        <property>
            <name>schema</name>
            <value>public</value>
        </property>
        <property>
            <name>datatype</name>
            <value>string</value>
        </property>
        <property>
            <name>catalog</name>
            <value>netAnServer_pmdb</value>
        </property>
        <property>
            <name>column</name>
            <value>InvalidCauseDescription</value>
        </property>
        <property>
            <name>table</name>
            <value>tblCMRules</value>
        </property>
    </properties>
    <keywords/>
    <dependencies>
        <dependency>
            <requiredid>4b451652-b01e-4e90-ace2-9d4932db4468</requiredid>
            <description>Data source required by this column</description>
            <cascading-delete>false</cascading-delete>
        </dependency>
    </dependencies>
    <hidden>false</hidden>
</library-item>
<library-item>
    <id>fcbcd6c9-f08e-494b-8b55-1b2432394204</id>
    <title>TableName</title>
    <item-type>
        <label>column</label>
        <label-prefix>spotfire</label-prefix>
        <is-container>false</is-container>
        <mime-type>application/xml</mime-type>
    </item-type>
    <created-by>Administrator@SPOTFIRE</created-by>
    <created>2023-11-30T05:01:37.000Z</created>
    <modified-by>Administrator@SPOTFIRE</modified-by>
    <modified>2024-01-17T12:33:06.000Z</modified>
    <accessed>2024-01-20T12:27:19.000Z</accessed>
    <properties>
        <property>
            <name>schema</name>
            <value>public</value>
        </property>
        <property>
            <name>datatype</name>
            <value>string</value>
        </property>
        <property>
            <name>catalog</name>
            <value>netAnServer_pmdb</value>
        </property>
        <property>
            <name>column</name>
            <value>TableName</value>
        </property>
        <property>
            <name>table</name>
            <value>tblCMRules</value>
        </property>
    </properties>
    <keywords/>
    <dependencies>
        <dependency>
            <requiredid>4b451652-b01e-4e90-ace2-9d4932db4468</requiredid>
            <description>Data source required by this column</description>
            <cascading-delete>false</cascading-delete>
        </dependency>
    </dependencies>
    <hidden>false</hidden>
</library-item>
<library-item>
    <id>440ea951-9c17-403c-84e6-58b98274fb99</id>
    <title>RuleValue</title>
    <item-type>
        <label>column</label>
        <label-prefix>spotfire</label-prefix>
        <is-container>false</is-container>
        <mime-type>application/xml</mime-type>
    </item-type>
    <created-by>Administrator@SPOTFIRE</created-by>
    <created>2023-09-18T10:19:26.000Z</created>
    <modified-by>Administrator@SPOTFIRE</modified-by>
    <modified>2024-01-17T12:33:06.000Z</modified>
    <accessed>2024-01-20T12:27:19.000Z</accessed>
    <properties>
        <property>
            <name>schema</name>
            <value>public</value>
        </property>
        <property>
            <name>datatype</name>
            <value>string</value>
        </property>
        <property>
            <name>catalog</name>
            <value>netAnServer_pmdb</value>
        </property>
        <property>
            <name>column</name>
            <value>RuleValue</value>
        </property>
        <property>
            <name>table</name>
            <value>tblCMRules</value>
        </property>
    </properties>
    <keywords/>
    <dependencies>
        <dependency>
            <requiredid>4b451652-b01e-4e90-ace2-9d4932db4468</requiredid>
            <description>Data source required by this column</description>
            <cascading-delete>false</cascading-delete>
        </dependency>
    </dependencies>
    <hidden>false</hidden>
</library-item>
<library-item>
    <id>433af8bb-24bd-45ba-bdb2-2cf989904f9c</id>
    <title>RuleName</title>
    <item-type>
        <label>column</label>
        <label-prefix>spotfire</label-prefix>
        <is-container>false</is-container>
        <mime-type>application/xml</mime-type>
    </item-type>
    <created-by>Administrator@SPOTFIRE</created-by>
    <created>2023-09-18T10:19:26.000Z</created>
    <modified-by>Administrator@SPOTFIRE</modified-by>
    <modified>2024-01-17T12:33:06.000Z</modified>
    <accessed>2024-01-20T12:27:19.000Z</accessed>
    <properties>
        <property>
            <name>schema</name>
            <value>public</value>
        </property>
        <property>
            <name>datatype</name>
            <value>string</value>
        </property>
        <property>
            <name>catalog</name>
            <value>netAnServer_pmdb</value>
        </property>
        <property>
            <name>column</name>
            <value>RuleName</value>
        </property>
        <property>
            <name>table</name>
            <value>tblCMRules</value>
        </property>
    </properties>
    <keywords/>
    <dependencies>
        <dependency>
            <requiredid>4b451652-b01e-4e90-ace2-9d4932db4468</requiredid>
            <description>Data source required by this column</description>
            <cascading-delete>false</cascading-delete>
        </dependency>
    </dependencies>
    <hidden>false</hidden>
</library-item>
<library-item>
    <id>484b2542-dba5-4125-a753-0a883e6ce098</id>
    <title>MOClass</title>
    <item-type>
        <label>column</label>
        <label-prefix>spotfire</label-prefix>
        <is-container>false</is-container>
        <mime-type>application/xml</mime-type>
    </item-type>
    <created-by>Administrator@SPOTFIRE</created-by>
    <created>2023-09-18T10:19:26.000Z</created>
    <modified-by>Administrator@SPOTFIRE</modified-by>
    <modified>2024-01-17T12:33:06.000Z</modified>
    <accessed>2024-01-20T12:27:19.000Z</accessed>
    <properties>
        <property>
            <name>schema</name>
            <value>public</value>
        </property>
        <property>
            <name>datatype</name>
            <value>string</value>
        </property>
        <property>
            <name>catalog</name>
            <value>netAnServer_pmdb</value>
        </property>
        <property>
            <name>column</name>
            <value>MOClass</value>
        </property>
        <property>
            <name>table</name>
            <value>tblCMRules</value>
        </property>
    </properties>
    <keywords/>
    <dependencies>
        <dependency>
            <requiredid>4b451652-b01e-4e90-ace2-9d4932db4468</requiredid>
            <description>Data source required by this column</description>
            <cascading-delete>false</cascading-delete>
        </dependency>
    </dependencies>
    <hidden>false</hidden>
</library-item>
<library-item>
    <id>6e70240a-4ba5-4d78-b1a4-092087e525db</id>
    <title>RuleSource</title>
    <item-type>
        <label>column</label>
        <label-prefix>spotfire</label-prefix>
        <is-container>false</is-container>
        <mime-type>application/xml</mime-type>
    </item-type>
    <created-by>Administrator@SPOTFIRE</created-by>
    <created>2023-09-18T10:19:26.000Z</created>
    <modified-by>Administrator@SPOTFIRE</modified-by>
    <modified>2024-01-17T12:33:06.000Z</modified>
    <accessed>2024-01-20T12:27:19.000Z</accessed>
    <properties>
        <property>
            <name>schema</name>
            <value>public</value>
        </property>
        <property>
            <name>datatype</name>
            <value>string</value>
        </property>
        <property>
            <name>catalog</name>
            <value>netAnServer_pmdb</value>
        </property>
        <property>
            <name>column</name>
            <value>RuleSource</value>
        </property>
        <property>
            <name>table</name>
            <value>tblCMRules</value>
        </property>
    </properties>
    <keywords/>
    <dependencies>
        <dependency>
            <requiredid>4b451652-b01e-4e90-ace2-9d4932db4468</requiredid>
            <description>Data source required by this column</description>
            <cascading-delete>false</cascading-delete>
        </dependency>
    </dependencies>
    <hidden>false</hidden>
</library-item>
<library-item>
    <id>d3b64d2e-58b0-4402-9648-05c86232a93e</id>
    <title>RuleComment</title>
    <item-type>
        <label>column</label>
        <label-prefix>spotfire</label-prefix>
        <is-container>false</is-container>
        <mime-type>application/xml</mime-type>
    </item-type>
    <created-by>Administrator@SPOTFIRE</created-by>
    <created>2023-09-18T10:19:26.000Z</created>
    <modified-by>Administrator@SPOTFIRE</modified-by>
    <modified>2024-01-17T12:33:06.000Z</modified>
    <accessed>2024-01-20T12:27:19.000Z</accessed>
    <properties>
        <property>
            <name>schema</name>
            <value>public</value>
        </property>
        <property>
            <name>datatype</name>
            <value>string</value>
        </property>
        <property>
            <name>catalog</name>
            <value>netAnServer_pmdb</value>
        </property>
        <property>
            <name>column</name>
            <value>RuleComment</value>
        </property>
        <property>
            <name>table</name>
            <value>tblCMRules</value>
        </property>
    </properties>
    <keywords/>
    <dependencies>
        <dependency>
            <requiredid>4b451652-b01e-4e90-ace2-9d4932db4468</requiredid>
            <description>Data source required by this column</description>
            <cascading-delete>false</cascading-delete>
        </dependency>
    </dependencies>
    <hidden>false</hidden>
</library-item>
<library-item>
    <id>64813f04-b6ee-4886-83bb-d60d0738f2b4</id>
    <title>CMAttribute</title>
    <item-type>
        <label>column</label>
        <label-prefix>spotfire</label-prefix>
        <is-container>false</is-container>
        <mime-type>application/xml</mime-type>
    </item-type>
    <created-by>Administrator@SPOTFIRE</created-by>
    <created>2023-09-18T10:19:26.000Z</created>
    <modified-by>Administrator@SPOTFIRE</modified-by>
    <modified>2024-01-17T12:33:06.000Z</modified>
    <accessed>2024-01-20T12:27:19.000Z</accessed>
    <properties>
        <property>
            <name>schema</name>
            <value>public</value>
        </property>
        <property>
            <name>datatype</name>
            <value>string</value>
        </property>
        <property>
            <name>catalog</name>
            <value>netAnServer_pmdb</value>
        </property>
        <property>
            <name>column</name>
            <value>CMAttribute</value>
        </property>
        <property>
            <name>table</name>
            <value>tblCMRules</value>
        </property>
    </properties>
    <keywords/>
    <dependencies>
        <dependency>
            <requiredid>4b451652-b01e-4e90-ace2-9d4932db4468</requiredid>
            <description>Data source required by this column</description>
            <cascading-delete>false</cascading-delete>
        </dependency>
    </dependencies>
    <hidden>false</hidden>
</library-item>
                            </children>
                            <hidden>false</hidden>
                        </library-item>
                    </children>
                    <hidden>false</hidden>
                </library-item>
                <library-item>
                    <id>ba6f22ce-2176-476c-9420-58a85f4c7399</id>
                    <title>InformationLink</title>
                    <item-type>
                        <label>folder</label>
                        <label-prefix>spotfire</label-prefix>
                        <is-container>true</is-container>
                    </item-type>
                    <created-by>Administrator@SPOTFIRE</created-by>
                    <created>2023-07-12T09:34:27.000Z</created>
                    <modified-by>Administrator@SPOTFIRE</modified-by>
                    <modified>2024-01-18T07:38:36.000Z</modified>
                    <accessed>2024-01-12T09:42:34.000Z</accessed>
                    <properties/>
                    <keywords/>
                    <children>
                        <library-item>
                            <id>c407cf0f-f95d-40f5-b9a4-551fc4e8ec5a</id>
                            <title>IL_tblCMRules</title>
                            <item-type>
<label>query</label>
<label-prefix>spotfire</label-prefix>
<is-container>false</is-container>
<mime-type>application/xml</mime-type>
                            </item-type>
                            <created-by>Administrator@SPOTFIRE</created-by>
                            <created>2023-10-03T16:08:35.000Z</created>
                            <modified-by>Administrator@SPOTFIRE</modified-by>
                            <modified>2024-01-18T07:38:36.000Z</modified>
                            <accessed>2024-01-20T12:27:19.000Z</accessed>
                            <properties>
<property>
    <name>InformationLinkReference</name>
    <value>c407cf0f-f95d-40f5-b9a4-551fc4e8ec5a</value>
</property>
                            </properties>
                            <keywords/>
                            <dependencies>
<dependency>
    <requiredid>644d88cc-cafd-4cf2-bbfb-09a3870829a6</requiredid>
    <description>Column required by this query</description>
    <cascading-delete>false</cascading-delete>
</dependency>
<dependency>
    <requiredid>64813f04-b6ee-4886-83bb-d60d0738f2b4</requiredid>
    <description>Column required by this query</description>
    <cascading-delete>false</cascading-delete>
</dependency>
<dependency>
    <requiredid>00900f40-472f-420d-aa74-48cfde8371ad</requiredid>
    <description>Column required by this query</description>
    <cascading-delete>false</cascading-delete>
</dependency>
<dependency>
    <requiredid>6e70240a-4ba5-4d78-b1a4-092087e525db</requiredid>
    <description>Column required by this query</description>
    <cascading-delete>false</cascading-delete>
</dependency>
<dependency>
    <requiredid>d3b64d2e-58b0-4402-9648-05c86232a93e</requiredid>
    <description>Column required by this query</description>
    <cascading-delete>false</cascading-delete>
</dependency>
<dependency>
    <requiredid>5a8a1596-8027-4047-ad94-bef942381cc0</requiredid>
    <description>Column required by this query</description>
    <cascading-delete>false</cascading-delete>
</dependency>
<dependency>
    <requiredid>440ea951-9c17-403c-84e6-58b98274fb99</requiredid>
    <description>Column required by this query</description>
    <cascading-delete>false</cascading-delete>
</dependency>
<dependency>
    <requiredid>d01fdd61-c740-4aff-8897-7c2eb278447a</requiredid>
    <description>Column required by this query</description>
    <cascading-delete>false</cascading-delete>
</dependency>
<dependency>
    <requiredid>caa79581-eafb-4c27-9e0a-c04824c7c513</requiredid>
    <description>Column required by this query</description>
    <cascading-delete>false</cascading-delete>
</dependency>
<dependency>
    <requiredid>484b2542-dba5-4125-a753-0a883e6ce098</requiredid>
    <description>Column required by this query</description>
    <cascading-delete>false</cascading-delete>
</dependency>
<dependency>
    <requiredid>433af8bb-24bd-45ba-bdb2-2cf989904f9c</requiredid>
    <description>Column required by this query</description>
    <cascading-delete>false</cascading-delete>
</dependency>
<dependency>
    <requiredid>fcbcd6c9-f08e-494b-8b55-1b2432394204</requiredid>
    <description>Column required by this query</description>
    <cascading-delete>false</cascading-delete>
</dependency>
<dependency>
    <requiredid>a3f5bf2f-c486-4062-a5ad-b51418f92d69</requiredid>
    <description>Column required by this query</description>
    <cascading-delete>false</cascading-delete>
</dependency>
                            </dependencies>
                            <hidden>false</hidden>
                        </library-item>
                        <library-item>
                            <id>cb7134c9-25fb-4577-b5c3-6532c108b145</id>
                            <title>IL_tblExcludedNodes</title>
                            <item-type>
<label>query</label>
<label-prefix>spotfire</label-prefix>
<is-container>false</is-container>
<mime-type>application/xml</mime-type>
                            </item-type>
                            <created-by>Administrator@SPOTFIRE</created-by>
                            <created>2023-10-03T16:09:36.000Z</created>
                            <modified-by>Administrator@SPOTFIRE</modified-by>
                            <modified>2024-01-17T12:33:06.000Z</modified>
                            <accessed>2024-01-20T12:17:51.000Z</accessed>
                            <properties/>
                            <keywords/>
                            <dependencies>
<dependency>
    <requiredid>e6f4a578-702f-44e9-9a59-6543e1d89a4a</requiredid>
    <description>Column required by this query</description>
    <cascading-delete>false</cascading-delete>
</dependency>
<dependency>
    <requiredid>b10baf79-da80-49a3-9dbd-fb6e70199c01</requiredid>
    <description>Column required by this query</description>
    <cascading-delete>false</cascading-delete>
</dependency>
                            </dependencies>
                            <hidden>false</hidden>
                        </library-item>
                    </children>
                    <hidden>false</hidden>
                </library-item>
            </children>
            <hidden>false</hidden>
        </library-item>
    </children>
    <hidden>false</hidden>
</library-item>
